{"chunk_definitions":[{"row":31,"row_count":1,"visible":true,"expansion_state":0,"options":{"engine":"r","label":"setup","include":false},"document_id":"7AC507D8","chunk_id":"csetup_chunk","chunk_label":"setup"},{"row":66,"row_count":1,"visible":true,"expansion_state":0,"options":{"engine":"r","label":"unnamed-chunk-16"},"document_id":"7AC507D8","chunk_id":"cfno1m97oq85n","chunk_label":"unnamed-chunk-1"},{"row":73,"row_count":1,"visible":true,"expansion_state":0,"options":{"engine":"r","echo":false,"label":"unnamed-chunk-17"},"document_id":"7AC507D8","chunk_id":"czjcvkufec0cc","chunk_label":"unnamed-chunk-2"},{"row":83,"row_count":1,"visible":true,"expansion_state":0,"options":{"engine":"r","results":"asis","echo":false,"label":"unnamed-chunk-18"},"document_id":"7AC507D8","chunk_id":"ch32hlwhox3r6","chunk_label":"unnamed-chunk-3"}],"doc_write_time":1686301719,"working_dir":null,"default_chunk_options":{"cache":false,"echo":true,"message":false,"warning":false},"chunk_rendered_width":700}