{"chunk_definitions":[{"row":31,"row_count":1,"visible":true,"expansion_state":0,"options":{"engine":"r","label":"setup","include":false},"document_id":"7AC507D8","chunk_id":"csetup_chunk","chunk_label":"setup"},{"row":54,"row_count":1,"visible":true,"expansion_state":0,"options":{"engine":"r","echo":false,"label":"unnamed-chunk-2"},"document_id":"7AC507D8","chunk_id":"cfno1m97oq85n","chunk_label":"unnamed-chunk-1"},{"row":60,"row_count":1,"visible":true,"expansion_state":0,"options":{"engine":"r","echo":false,"label":"unnamed-chunk-3"},"document_id":"7AC507D8","chunk_id":"czjcvkufec0cc","chunk_label":"unnamed-chunk-2"},{"row":70,"row_count":1,"visible":true,"expansion_state":0,"options":{"engine":"r","results":"asis","echo":false,"label":"unnamed-chunk-4"},"document_id":"7AC507D8","chunk_id":"cs3gghefm5c3y","chunk_label":"unnamed-chunk-3"},{"row":93,"row_count":1,"visible":true,"expansion_state":0,"options":{"engine":"r","echo":false,"label":"unnamed-chunk-6"},"document_id":"7AC507D8","chunk_id":"c8uhy1rd6tkhc","chunk_label":"unnamed-chunk-4"},{"row":102,"row_count":1,"visible":true,"expansion_state":0,"options":{"engine":"r","echo":false,"label":"unnamed-chunk-11"},"document_id":"7AC507D8","chunk_id":"c36kcfahcpey3","chunk_label":"unnamed-chunk-5"},{"row":113,"row_count":1,"visible":true,"expansion_state":0,"options":{"engine":"r","label":"plot","echo":false,"fig.align":"center","fig.cap":"Son iki yılın nüfus değişimi"},"document_id":"7AC507D8","chunk_id":"cm85o4ctz2juw","chunk_label":"plot"},{"row":123,"row_count":1,"visible":true,"expansion_state":0,"options":{"engine":"r","echo":false,"label":"unnamed-chunk-16"},"document_id":"7AC507D8","chunk_id":"cjigsmstnwo8q","chunk_label":"unnamed-chunk-6"},{"row":131,"row_count":1,"visible":true,"expansion_state":0,"options":{"engine":"r","echo":false,"label":"unnamed-chunk-15"},"document_id":"7AC507D8","chunk_id":"ckr2ive0rg56q","chunk_label":"unnamed-chunk-7"}],"doc_write_time":1686331663,"chunk_rendered_width":700,"working_dir":null,"default_chunk_options":{"cache":false,"echo":true,"message":false,"warning":false}}