{"chunk_definitions":[{"row":31,"row_count":1,"visible":true,"expansion_state":0,"options":{"engine":"r","label":"setup","include":false},"document_id":"7AC507D8","chunk_id":"csetup_chunk","chunk_label":"setup"},{"row":70,"row_count":1,"visible":true,"expansion_state":0,"options":{"engine":"r","label":"unnamed-chunk-5"},"document_id":"7AC507D8","chunk_id":"cc9wy1ii43zaw","chunk_label":"unnamed-chunk-1"},{"row":77,"row_count":1,"visible":true,"expansion_state":0,"options":{"engine":"r","echo":false,"label":"unnamed-chunk-6"},"document_id":"7AC507D8","chunk_id":"cptwfkfvha19w","chunk_label":"unnamed-chunk-2"}],"doc_write_time":1686147228,"working_dir":null,"default_chunk_options":{"cache":false,"echo":true,"message":false,"warning":false}}