{"chunk_definitions":[{"row":31,"row_count":1,"visible":true,"expansion_state":0,"options":{"engine":"r","label":"setup","include":false},"document_id":"7AC507D8","chunk_id":"csetup_chunk","chunk_label":"setup"},{"row":66,"row_count":1,"visible":true,"expansion_state":0,"options":{"engine":"r","echo":false,"label":"unnamed-chunk-3"},"document_id":"7AC507D8","chunk_id":"cfno1m97oq85n","chunk_label":"unnamed-chunk-1"},{"row":73,"row_count":1,"visible":true,"expansion_state":0,"options":{"engine":"r","echo":false,"label":"unnamed-chunk-4"},"document_id":"7AC507D8","chunk_id":"czjcvkufec0cc","chunk_label":"unnamed-chunk-2"},{"row":104,"row_count":1,"visible":true,"expansion_state":0,"options":{"engine":"r","echo":false,"label":"unnamed-chunk-6"},"document_id":"7AC507D8","chunk_id":"c8uhy1rd6tkhc","chunk_label":"unnamed-chunk-4"},{"row":113,"row_count":1,"visible":true,"expansion_state":0,"options":{"engine":"r","label":"plot","echo":false,"fig.align":"center","fig.cap":"Son iki yılın nüfus değişimi"},"document_id":"7AC507D8","chunk_id":"cq2xl1ds65slm","chunk_label":"plot"},{"row":118,"row_count":1,"visible":true,"expansion_state":0,"options":{"engine":"r","echo":false,"label":"unnamed-chunk-7"},"document_id":"7AC507D8","chunk_id":"cnpf3joucjtbd","chunk_label":"unnamed-chunk-5"},{"row":125,"row_count":1,"visible":true,"expansion_state":0,"options":{"engine":"r","echo":false,"label":"unnamed-chunk-10"},"document_id":"7AC507D8","chunk_id":"cq4cxb3yjcr8t","chunk_label":"unnamed-chunk-6"}],"doc_write_time":1686316923,"working_dir":null,"default_chunk_options":{"cache":false,"echo":true,"message":false,"warning":false},"chunk_rendered_width":700}