"0","ak %>%"
"0","  select(""şehir"", ""2018-2019"", ""2019-2020"", ""2020-2021"", ""2021-2022"") %>% "
"0","  descr(stats = c(""mean"", ""sd"", ""min"", ""med"", ""max""), transpose = TRUE) %>% "
"0","  xtable(caption = ""Özet İstatistikler"","
"0","         label = ""tab:ozet"","
"0","         align = c(""l"", ""c"", ""c"", ""c"", ""c"", ""c"")) %>% "
"0","  print(booktabs = TRUE, comment = FALSE, caption.placement = ""top"")"
"1","\begin{table}[ht]
\centering
\caption{Özet İstatistikler} 
\label{tab:ozet}
\begin{tabular}{lccccc}
  \toprule
 & Ortalama & Std.Sap & Min & Medyan & Mak \\ 
  \midrule
2018-2019 & 3.36 & 19.39 & -99.92 & 5.75 & 34.57 \\ 
  2019-2020 & 0.34 & 23.76 & -149.31 & 3.57 & 22.39 \\ 
  2020-2021 & 9.59 & 13.06 & -20.36 & 9.36 & 57.70 \\ 
  2021-2022 & 3.90 & 11.09 & -37.84 & 5.23 & 26.14 \\ 
   \bottomrule
\end{tabular}
\end{table}
"
